Archery,Men's Individual,1,1,1,KOR,KU Bonchan ,FRA,VALLADONT Jean-Charles ,USA,ELLISON Brady 
Archery,Men's Team,1,1,1,KOR,Republic of Korea,USA,United States,AUS,Australia
Archery,Women's Individual,1,1,1,KOR,CHANG Hyejin ,GER,UNRUH Lisa ,KOR,KI Bobae 
Archery,Women's Team,1,1,1,KOR,Republic of Korea,RUS,Russian Federation,TPE,Taipei (Cn Taipei)
Artistic Gymnastics,Men's Floor Exercise,1,1,1,GBR,WHITLOCK Max ,BRA,HYPOLITO Diego ,BRA,MARIANO Arthur 
Artistic Gymnastics,Men's Horizontal Bar,1,1,1,GER,HAMBUECHEN Fabian ,USA,LEYVA Danell ,GBR,WILSON Nile 
Artistic Gymnastics,Men's Individual All-Around,1,1,1,JPN,UCHIMURA Kohei ,UKR,VERNIAIEV Oleg ,GBR,WHITLOCK Max 
Artistic Gymnastics,Men's Parallel Bars,1,1,1,UKR,VERNIAIEV Oleg ,USA,LEYVA Danell ,RUS,BELYAVSKIY David 
Artistic Gymnastics,Men's Pommel Horse,1,1,1,GBR,WHITLOCK Max ,GBR,SMITH Louis ,USA,NADDOUR Alexander 
Artistic Gymnastics,Men's Rings,1,1,1,GRE,PETROUNIAS Eleftherios ,BRA,ZANETTI Arthur ,RUS,ABLIAZIN Denis 
Artistic Gymnastics,Men's Team,1,1,1,JPN,Japan,RUS,Russian Federation,CHN,China
Artistic Gymnastics,Men's Vault,1,1,1,PRK,RI Se Gwang ,RUS,ABLIAZIN Denis ,JPN,SHIRAI Kenzo 
Artistic Gymnastics,Women's Balance Beam,1,1,1,NED,WEVERS Sanne ,USA,HERNANDEZ Lauren ,USA,BILES Simone 
Artistic Gymnastics,Women's Floor Exercise,1,1,1,USA,BILES Simone ,USA,RAISMAN Alexandra ,GBR,TINKLER Amy 
Artistic Gymnastics,Women's Individual All-Around,1,1,1,USA,BILES Simone ,USA,RAISMAN Alexandra ,RUS,MUSTAFINA Aliya 
Artistic Gymnastics,Women's Team,1,1,1,USA,United States,RUS,Russian Federation,CHN,China
Artistic Gymnastics,Women's Uneven Bars,1,1,1,RUS,MUSTAFINA Aliya ,USA,KOCIAN Madison ,GER,SCHEDER Sophie 
Artistic Gymnastics,Women's Vault,1,1,1,USA,BILES Simone ,RUS,PASEKA Maria ,SUI,STEINGRUBER Giulia 
Athletics,"Men's 10,000m",1,1,1,GBR,FARAH Mohamed ,KEN,TANUI Paul Kipngetich ,ETH,TOLA Tamirat 
Athletics,Men's 100m,1,1,1,JAM,BOLT Usain ,USA,GATLIN Justin ,CAN,DE GRASSE Andre 
Athletics,Men's 110m Hurdles,1,1,1,JAM,MCLEOD Omar ,ESP,ORTEGA Orlando ,FRA,BASCOU Dimitri 
Athletics,Men's 1500m,1,1,1,USA,CENTROWITZ Matthew ,ALG,MAKHLOUFI Taoufik ,NZL,WILLIS Nicholas 
Athletics,Men's 200m,1,1,1,JAM,BOLT Usain ,CAN,DE GRASSE Andre ,FRA,LEMAITRE Christophe 
Athletics,Men's 20km Walk,1,1,1,CHN,WANG Zhen ,CHN,CAI Zelin ,AUS,BIRD-SMITH Dane 
Athletics,Men's 3000m Steeplechase,1,1,1,KEN,KIPRUTO Conseslus ,USA,JAGER Evan ,FRA,MEKHISSI Mahiedine 
Athletics,Men's 4 x 100m Relay,1,1,1,JAM,Jamaica,JPN,Japan,CAN,Canada
Athletics,Men's 4 x 400m Relay,1,1,1,USA,United States,JAM,Jamaica,BAH,Bahamas
Athletics,Men's 400m,1,1,1,RSA,VAN NIEKERK Wayde ,GRN,JAMES Kirani ,USA,MERRITT Lashawn 
Athletics,Men's 400m Hurdles,1,1,1,USA,CLEMENT Kerron ,KEN,TUMUTI Boniface Mucheru ,TUR,COPELLO Yasmani 
Athletics,Men's 5000m,1,1,1,GBR,FARAH Mohamed ,USA,CHELIMO Paul Kipkemoi ,ETH,GEBRHIWET Hagos 
Athletics,Men's 50km Walk,1,1,1,SVK,TOTH Matej ,AUS,TALLENT Jared ,JPN,ARAI Hirooki 
Athletics,Men's 800m,1,1,1,KEN,RUDISHA David Lekuta ,ALG,MAKHLOUFI Taoufik ,USA,MURPHY Clayton 
Athletics,Men's Decathlon,1,1,1,USA,EATON Ashton ,FRA,MAYER Kevin ,CAN,WARNER Damian 
Athletics,Men's Discus Throw,1,1,1,GER,HARTING Christoph ,POL,MALACHOWSKI Piotr ,GER,JASINSKI Daniel 
Athletics,Men's Hammer Throw,1,1,1,TJK,NAZAROV Dilshod ,BLR,TSIKHAN Ivan ,POL,NOWICKI Wojciech 
Athletics,Men's High Jump,1,1,1,CAN,DROUIN Derek ,QAT,BARSHIM Mutaz Essa ,UKR,BONDARENKO Bohdan 
Athletics,Men's Javelin Throw,1,1,1,GER,ROHLER Thomas ,KEN,YEGO Julius ,TTO,WALCOTT Keshorn 
Athletics,Men's Long Jump,1,1,1,USA,HENDERSON Jeff ,RSA,MANYONGA Luvo ,GBR,RUTHERFORD Greg 
Athletics,Men's Marathon,1,1,1,KEN,KIPCHOGE Eliud ,ETH,LILESA Feyisa ,USA,RUPP Galen 
Athletics,Men's Pole Vault,1,1,1,BRA,DA SILVA Thiago Braz ,FRA,LAVILLENIE Renaud ,USA,KENDRICKS Sam 
Athletics,Men's Shot Put,1,1,1,USA,CROUSER Ryan ,USA,KOVACS Joe ,NZL,WALSH Tomas 
Athletics,Men's Triple Jump,1,1,1,USA,TAYLOR Christian ,USA,CLAYE Will ,CHN,DONG Bin 
Athletics,"Women's 10,000m",1,1,1,ETH,AYANA Almaz ,KEN,CHERUIYOT Vivian Jepkemoi ,ETH,DIBABA Tirunesh 
Athletics,Women's 100m,1,1,1,JAM,THOMPSON Elaine ,USA,BOWIE Tori ,JAM,FRASER-PRYCE Shelly-Ann 
Athletics,Women's 100m Hurdles,1,1,1,USA,ROLLINS Brianna ,USA,ALI Nia ,USA,CASTLIN Kristi 
Athletics,Women's 1500m,1,1,1,KEN,KIPYEGON Faith Chepngetich,ETH,DIBABA Genzebe ,USA,SIMPSON Jennifer 
Athletics,Women's 200m,1,1,1,JAM,THOMPSON Elaine ,NED,SCHIPPERS Dafne ,USA,BOWIE Tori 
Athletics,Women's 20km Walk,1,1,1,CHN,LIU Hong ,MEX,GONZALEZ Maria Guadalupe,CHN,LU Xiuzhi 
Athletics,Women's 3000m Steeplechase,1,1,1,BRN,JEBET Ruth ,KEN,JEPKEMOI Hyvin Kiyeng ,USA,COBURN Emma 
Athletics,Women's 4 x 100m Relay,1,1,1,USA,United States,JAM,Jamaica,GBR,Great Britain
Athletics,Women's 4 x 400m Relay,1,1,1,USA,United States,JAM,Jamaica,GBR,Great Britain
Athletics,Women's 400m,1,1,1,BAH,MILLER Shaunae ,USA,FELIX Allyson ,JAM,JACKSON Shericka 
Athletics,Women's 400m Hurdles,1,1,1,USA,MUHAMMAD Dalilah ,DEN,PETERSEN Sara Slott ,USA,SPENCER Ashley 
Athletics,Women's 5000m,1,1,1,KEN,CHERUIYOT Vivian Jepkemoi ,KEN,OBIRI Hellen Onsando ,ETH,AYANA Almaz 
Athletics,Women's 800m,1,1,1,RSA,SEMENYA Caster ,BDI,NIYONSABA Francine ,KEN,WAMBUI Margaret Nyairera 
Athletics,Women's Discus Throw,1,1,1,CRO,PERKOVIC Sandra ,FRA,ROBERT-MICHON Melina ,CUB,CABALLERO Denia 
Athletics,Women's Hammer Throw,1,1,1,POL,WLODARCZYK Anita ,CHN,ZHANG Wenxiu ,GBR,HITCHON Sophie 
Athletics,Women's Heptathlon,1,1,1,BEL,THIAM Nafissatou ,GBR,ENNIS-HILL Jessica ,CAN,THEISEN EATON Brianne 
Athletics,Women's High Jump,1,1,1,ESP,BEITIA Ruth ,BUL,DEMIREVA Mirela ,CRO,VLASIC Blanka 
Athletics,Women's Javelin Throw,1,1,1,CRO,KOLAK Sara ,RSA,VILJOEN Sunette ,CZE,SPOTAKOVA Barbora 
Athletics,Women's Long Jump,1,1,1,USA,BARTOLETTA Tianna ,USA,REESE Brittney ,SRB,SPANOVIC Ivana 
Athletics,Women's Marathon,1,1,1,KEN,SUMGONG Jemima Jelagat ,BRN,KIRWA Eunice Jepkirui ,ETH,DIBABA Mare 
Athletics,Women's Pole Vault,1,1,1,GRE,STEFANIDI Ekaterini ,USA,MORRIS Sandi ,NZL,MCCARTNEY Eliza 
Athletics,Women's Shot Put,1,1,1,USA,CARTER Michelle ,NZL,ADAMS Valerie ,HUN,MARTON Anita 
Athletics,Women's Triple Jump,1,1,1,COL,IBARGUEN Caterine ,VEN,ROJAS Yulimar ,KAZ,RYPAKOVA Olga 
Badminton,Men's Doubles,1,1,1,CHN,Zhang / Fu,MAS,Goh / Tan,GBR,Ellis / Langridge
Badminton,Men's Singles,1,1,1,CHN,CHEN Long ,MAS,LEE Chong Wei ,DEN,AXELSEN Viktor 
Badminton,Mixed Doubles,1,1,1,INA,Natsir / Ahmad,MAS,Chan / Goh,CHN,Zhang / Zhao
Badminton,Women's Doubles,1,1,1,JPN,Takahashi / Matsutomo,DEN,Rytter juhl / Pedersen,KOR,Jung / Shin
Badminton,Women's Singles,1,1,1,ESP,MARIN Carolina ,IND,PUSARLA V. Sindhu ,JPN,OKUHARA Nozomi 
Basketball,Men,1,1,1,USA,United States,SRB,Serbia,ESP,Spain
Basketball,Women,1,1,1,USA,United States,ESP,Spain,SRB,Serbia
Beach Volleyball,Men,1,1,1,BRA,Cerutti / Oscar Schmidt,ITA,Nicolai / Lupo,NED,Meeuwsen / Brouwer
Beach Volleyball,Women,1,1,1,GER,Ludwig / Walkenhorst,BRA,Bednarczuk / Seixas de Freitas,USA,Ross / Walsh Jennings
Boxing,Men's Bantam (56kg),1,1,2,CUB,RAMIREZ Robeisy ,USA,STEVENSON Shakur ,UZBRUS,AKHMADALIEV Murodjon NIKITIN Vladimir 
Boxing,Men's Fly (52kg),1,1,2,UZB,ZOIROV Shakhobidin ,RUS,ALOIAN Misha ,CHNVEN,HU Jianguan FINOL Yoel Segundo 
Boxing,Men's Heavy (91kg),1,1,2,RUS,TISHCHENKO Evgeny ,KAZ,LEVIT Vassiliy ,CUBUZB,SAVON Erislandy TULAGANOV Rustam 
Boxing,Men's Light (60kg),1,1,2,BRA,CONCEICAO Robson ,FRA,OUMIHA Sofiane ,MGLCUB,DORJNYAMBUU Otgondalai ALVAREZ Lazaro Jorge 
Boxing,Men's Light Fly (46-49kg),1,1,2,UZB,DUSMATOV Hasanboy ,COL,MARTINEZ Yurberjen Herney ,USACUB,HERNANDEZ Nico Miguel ARGILAGOS Joahnys 
Boxing,Men's Light Heavy (81kg),1,1,2,CUB,LA CRUZ Julio Cesar ,KAZ,NIYAZYMBETOV Adilbek ,FRAGBR,BAUDERLIQUE Mathieu Albert Daniel BUATSI Joshua 
Boxing,Men's Light Welter (64kg),1,1,2,UZB,GAIBNAZAROV Fazliddin ,AZE,SOTOMAYOR COLLAZO Lorenzo ,RUSGER,DUNAYTSEV Vitaly HARUTYUNYAN Artem 
Boxing,Men's Middle (75kg),1,1,2,CUB,LOPEZ Arlen ,UZB,MELIKUZIEV Bektemir ,MEXAZE,RODRIGUEZ Misael Uziel SHAKHSUVARLY Kamran 
Boxing,Men's Super Heavy (+91kg),1,1,2,FRA,YOKA Tony Victor James ,GBR,JOYCE Joe ,KAZCRO,DYCHKO Ivan HRGOVIC Filip 
Boxing,Men's Welter (69kg),1,1,2,KAZ,YELEUSSINOV Daniyar ,UZB,GIYASOV Shakhram ,FRAMAR,CISSOKHO Souleymane Diop RABII Mohammed 
Boxing,Women's Fly (48-51kg),1,1,2,GBR,ADAMS Nicola ,FRA,OURAHMOUNE Sarah ,COLCHN,VALENCIA VICTORIA Ingrit Lorena REN Cancan 
Boxing,Women's Light (57-60kg),1,1,2,FRA,MOSSELY Estelle ,CHN,YIN Junhua ,FINRUS,POTKONEN Mira BELIAKOVA Anastasiia 
Boxing,Women's Middle (69-75kg),1,1,2,USA,SHIELDS Claressa Maria ,NED,FONTIJN Nouchka ,KAZCHN,SHAKIMOVA Dariga LI Qian 
Canoe Slalom,Canoe Double (C2) Men,1,1,1,SVK,Skantar / Skantar,GBR,Florence / Hounslow,FRA,Peche / Klauss
Canoe Slalom,Canoe Single (C1) Men,1,1,1,FRA,GARGAUD CHANUT Denis ,SVK,BENUS Matej ,JPN,HANEDA Takuya 
Canoe Slalom,Kayak (K1) Men,1,1,1,GBR,CLARKE Joseph ,SLO,KAUZER Peter ,CZE,PRSKAVEC Jiri 
Canoe Slalom,Kayak (K1) Women,1,1,1,ESP,CHOURRAUT Maialen ,NZL,JONES Luuka ,AUS,FOX Jessica 
Canoe Sprint,Men's Canoe Double 1000m,1,1,1,GER,Brendel / Vandrey,BRA,de Souza Silva / Queiroz dos Santos,UKR,Ianchuk / Mishchuk
Canoe Sprint,Men's Canoe Single 1000m,1,1,1,GER,BRENDEL Sebastian ,BRA,QUEIROZ DOS SANTOS Isaquias ,MDA,TARNOVSCHI Serghei 
Canoe Sprint,Men's Canoe Single 200m,1,1,1,UKR,CHEBAN Iurii ,AZE,DEMYANENKO Valentin ,BRA,QUEIROZ DOS SANTOS Isaquias 
Canoe Sprint,Men's Kayak Double 1000m,1,1,1,GER,Gross / Rendschmidt,SRB,Tomicevic / Zoric,AUS,Tame / Wallace
Canoe Sprint,Men's Kayak Double 200m,1,1,1,ESP,Craviotto / Toro,GBR,Heath / Schofield,LTU,Ramanauskas / Lankas
Canoe Sprint,Men's Kayak Four 1000m,1,1,1,GER,Germany,SVK,Slovakia,CZE,Czech Republic
Canoe Sprint,Men's Kayak Single 1000m,1,1,1,ESP,WALZ Marcus ,CZE,DOSTAL Josef ,RUS,ANOSHKIN Roman 
Canoe Sprint,Men's Kayak Single 200m,1,1,2,GBR,HEATH Liam ,FRA,BEAUMONT Maxime ,ESPGER,CRAVIOTTO Saul RAUHE Ronald 
Canoe Sprint,Women's Kayak Double 500m,1,1,1,HUN,Kozak / Szabo,GER,Dietze / Weber,POL,Mikolajczyk / Naja
Canoe Sprint,Women's Kayak Four 500m,1,1,1,HUN,Hungary,GER,Germany,BLR,Belarus
Canoe Sprint,Women's Kayak Single 200m,1,1,1,NZL,CARRINGTON Lisa ,POL,WALCZYKIEWICZ Marta ,AZE,OSIPENKO-RODOMSKA Inna 
Canoe Sprint,Women's Kayak Single 500m,1,1,1,HUN,KOZAK Danuta ,DEN,JORGENSEN Emma ,NZL,CARRINGTON Lisa 
Cycling BMX,Men,1,1,1,USA,FIELDS Connor ,NED,VAN GORKOM Jelle ,COL,RAMIREZ YEPES Carlos Alberto 
Cycling BMX,Women,1,1,1,COL,PAJON Mariana ,USA,POST Alise ,VEN,HERNANDEZ Stefany 
Cycling Mountain Bike,Men's Cross-country,1,1,1,SUI,SCHURTER Nino ,CZE,KULHAVY Jaroslav ,ESP,COLOMA NICOLAS Carlos 
Cycling Mountain Bike,Women's Cross-country,1,1,1,SWE,RISSVEDS Jenny ,POL,WLOSZCZOWSKA Maja ,CAN,PENDREL Catharine 
Cycling Road,Men's Individual Time Trial,1,1,1,SUI,CANCELLARA Fabian ,NED,DUMOULIN Tom ,GBR,FROOME Christopher 
Cycling Road,Men's Road Race,1,1,1,BEL,VAN AVERMAET Greg ,DEN,FUGLSANG Jakob ,POL,MAJKA Rafal 
Cycling Road,Women's Individual Time Trial,1,1,1,USA,ARMSTRONG Kristin ,RUS,ZABELINSKAYA Olga ,NED,VAN DER BREGGEN Anna 
Cycling Road,Women's Road Race,1,1,1,NED,VAN DER BREGGEN Anna ,SWE,JOHANSSON Emma ,ITA,LONGO BORGHINI Elisa 
Cycling Track,Men's Keirin,1,1,1,GBR,KENNY Jason ,NED,BUCHLI Matthijs ,MAS,AWANG Azizulhasni 
Cycling Track,Men's Omnium,1,1,1,ITA,VIVIANI Elia ,GBR,CAVENDISH Mark ,DEN,HANSEN Lasse Norman 
Cycling Track,Men's Sprint,1,1,1,GBR,KENNY Jason ,GBR,SKINNER Callum ,RUS,DMITRIEV Denis 
Cycling Track,Men's Team Pursuit,1,1,1,GBR,Great Britain,AUS,Australia,DEN,Denmark
Cycling Track,Men's Team Sprint,1,1,1,GBR,Great Britain,NZL,New Zealand,FRA,France
Cycling Track,Women's Keirin,1,1,1,NED,LIGTLEE Elis ,GBR,JAMES Rebecca ,AUS,MEARES Anna 
Cycling Track,Women's Omnium,1,1,1,GBR,TROTT Laura ,USA,HAMMER Sarah ,BEL,D'HOORE Jolien 
Cycling Track,Women's Sprint,1,1,1,GER,VOGEL Kristina ,GBR,JAMES Rebecca ,GBR,MARCHANT Katy 
Cycling Track,Women's Team Pursuit,1,1,1,GBR,Great Britain,USA,United States,CAN,Canada
Cycling Track,Women's Team Sprint,1,1,1,CHN,Gong / Zhong,RUS,Voinova / Shmeleva,GER,Vogel / Welte
Diving,Men's 10m Platform,1,1,1,CHN,CHEN Aisen ,MEX,SANCHEZ German ,USA,BOUDIA David 
Diving,Men's 3m Springboard,1,1,1,CHN,CAO Yuan ,GBR,LAUGHER Jack ,GER,HAUSDING Patrick 
Diving,Men's Synchronised 10m Platform,1,1,1,CHN,Lin / Chen,USA,Boudia / Johnson,GBR,Daley / Goodfellow
Diving,Men's Synchronised 3m Springboard,1,1,1,GBR,Laugher / Mears,USA,Dorman / Hixon,CHN,Cao / Qin
Diving,Women's 10m Platform,1,1,1,CHN,REN Qian ,CHN,SI Yajie ,CAN,BENFEITO Meaghan 
Diving,Women's 3m Springboard,1,1,1,CHN,SHI Tingmao ,CHN,HE Zi ,ITA,CAGNOTTO Tania 
Diving,Women's Synchronised 10m Platform,1,1,1,CHN,Liu / Chen,MAS,Cheong / Pamg,CAN,Benfeito / Filion
Diving,Women's Synchronised 3m Springboard,1,1,1,CHN,Wu / Shi,ITA,Cagnotto / Dallape',AUS,Keeney / Smith
Equestrian,Dressage Individual,1,1,1,GBR,DUJARDIN Charlotte ,GER,WERTH Isabell ,GER,BRORING-SPREHE Kristina 
Equestrian,Dressage Team,1,1,1,GER,Germany,GBR,Great Britain,USA,United States
Equestrian,Eventing Individual,1,1,1,GER,JUNG Michael ,FRA,NICOLAS Astier ,USA,DUTTON Phillip 
Equestrian,Eventing Team,1,1,1,FRA,France,GER,Germany,AUS,Australia
Equestrian,Jumping Individual,1,1,1,GBR,SKELTON Nick ,SWE,FREDRICSON Peder ,CAN,LAMAZE Eric 
Equestrian,Jumping Team,1,1,1,FRA,France,USA,United States,GER,Germany
Fencing,Men's Épée Individual,1,1,1,KOR,PARK Sangyoung ,HUN,IMRE Geza ,FRA,GRUMIER Gauthier 
Fencing,Men's Épée Team,1,1,1,FRA,France,ITA,Italy,HUN,Hungary
Fencing,Men's Foil Individual,1,1,1,ITA,GAROZZO Daniele ,USA,MASSIALAS Alexander ,RUS,SAFIN Timur 
Fencing,Men's Foil Team,1,1,1,RUS,Russian Federation,FRA,France,USA,United States
Fencing,Men's Sabre Individual,1,1,1,HUN,SZILAGYI Aron ,USA,HOMER Daryl ,KOR,KIM Junghwan 
Fencing,Women's Épée Individual,1,1,1,HUN,SZASZ Emese ,ITA,FIAMINGO Rossella ,CHN,SUN Yiwen 
Fencing,Women's Épée Team,1,1,1,ROU,Romania,CHN,China,RUS,Russian Federation
Fencing,Women's Foil Individual,1,1,1,RUS,DERIGLAZOVA Inna ,ITA,DI FRANCISCA Elisa ,TUN,BOUBAKRI Ines 
Fencing,Women's Sabre Individual,1,1,1,RUS,EGORIAN Yana ,RUS,VELIKAYA Sofya ,UKR,KHARLAN Olga 
Fencing,Women's Sabre Team,1,1,1,RUS,Russian Federation,UKR,Ukraine,USA,United States
Football,Men,1,1,1,BRA,Brazil,GER,Germany,NGR,Nigeria
Football,Women,1,1,1,GER,Germany,SWE,Sweden,CAN,Canada
Golf,Men's Individual Stroke Play,1,1,1,GBR,ROSE Justin ,SWE,STENSON Henrik ,USA,KUCHAR Matt 
Golf,Women's Individual Stroke Play,1,1,1,KOR,PARK Inbee ,NZL,KO Lydia ,CHN,FENG Shanshan 
Handball,Men,1,1,1,DEN,Denmark,FRA,France,GER,Germany
Handball,Women,1,1,1,RUS,Russian Federation,FRA,France,NOR,Norway
Hockey,Men,1,1,1,ARG,Argentina,BEL,Belgium,GER,Germany
Hockey,Women,1,1,1,GBR,Great Britain,NED,Netherlands,GER,Germany
Judo,Men -100 kg,1,1,2,CZE,KRPALEK Lukas ,AZE,GASIMOV Elmar ,FRAJPN,MARET Cyrille HAGA Ryunosuke 
Judo,Men -60 kg,1,1,2,RUS,MUDRANOV Beslan ,KAZ,SMETOV Yeldos ,UZBJPN,UROZBOEV Diyorbek TAKATO Naohisa 
Judo,Men -66 kg,1,1,2,ITA,BASILE Fabio ,KOR,AN Baul ,UZBJPN,SOBIROV Rishod EBINUMA Masashi 
Judo,Men -73 kg,1,1,2,JPN,ONO Shohei ,AZE,ORUJOV Rustam ,GEOBEL,SHAVDATUASHVILI Lasha VAN TICHELT Dirk 
Judo,Men -81 kg,1,1,2,RUS,KHALMURZAEV Khasan ,USA,STEVENS Travis ,UAEJPN,TOMA Sergiu NAGASE Takanori 
Judo,Men -90 kg,1,1,2,JPN,BAKER Mashu ,GEO,LIPARTELIANI Varlam ,CHNKOR,CHENG Xunzhao GWAK Donghan 
Judo,Men +100 kg,1,1,2,FRA,RINER Teddy ,JPN,HARASAWA Hisayoshi ,ISRBRA,SASSON Or SILVA Rafael 
Judo,Women -48 kg,1,1,2,ARG,PARETO Paula ,KOR,JEONG Bokyeong ,KAZJPN,GALBADRAKH Otgontsetseg KONDO Ami 
Judo,Women -52 kg,1,1,2,KOS,KELMENDI Majlinda ,ITA,GIUFFRIDA Odette ,JPNRUS,NAKAMURA Misato KUZIUTINA Natalia 
Judo,Women -57 kg,1,1,2,BRA,SILVA Rafaela ,MGL,DORJSUREN Sumiya ,PORJPN,MONTEIRO Telma MATSUMOTO Kaori 
Judo,Women -63 kg,1,1,2,SLO,TRSTENJAK Tina ,FRA,AGBEGNENOU Clarisse ,ISRNED,GERBI Yarden VAN EMDEN Anicka 
Judo,Women -70 kg,1,1,2,JPN,TACHIMOTO Haruka ,COL,ALVEAR Yuri ,GERGBR,VARGAS KOCH Laura CONWAY Sally 
Judo,Women -78 kg,1,1,2,USA,HARRISON Kayla ,FRA,TCHEUMEO Audrey ,BRASLO,AGUIAR Mayra VELENSEK Anamari 
Judo,Women +78 kg,1,1,2,FRA,ANDEOL Emilie ,CUB,ORTIZ Idalys ,JPNCHN,YAMABE Kanae YU Song 
Marathon Swimming,Men's 10km,1,1,1,NED,WEERTMAN Ferry ,GRE,GIANNIOTIS Spiros ,FRA,OLIVIER Marc-Antoine 
Marathon Swimming,Women's 10km,1,1,1,NED,VAN ROUWENDAAL Sharon ,ITA,BRUNI Rachele ,BRA,OKIMOTO Poliana 
Modern Pentathlon,Men's Individual,1,1,1,RUS,LESUN Alexander ,UKR,TYMOSHCHENKO Pavlo ,MEX,HERNANDEZ USCANGA Ismael Marcelo 
Modern Pentathlon,Women's Individual,1,1,1,AUS,ESPOSITO Chloe ,FRA,CLOUVEL Elodie ,POL,NOWACKA Oktawia 
Rhythmic Gymnastics,Group All-Around,1,1,1,RUS,Russian Federation,ESP,Spain,BUL,Bulgaria
Rhythmic Gymnastics,Individual All-Around,1,1,1,RUS,MAMUN Margarita ,RUS,KUDRYAVTSEVA Yana ,UKR,RIZATDINOVA Ganna 
Rowing,Lightweight Men's Double Sculls,1,1,1,FRA,Azou / Houin,IRL,O'Donovan / O'Donovan,NOR,Strandli / Brun
Rowing,Lightweight Men's Four,1,1,1,SUI,Switzerland,DEN,Denmark,FRA,France
Rowing,Lightweight Women's Double Sculls,1,1,1,NED,Head / Paulis,CAN,Jennerich / Obee,CHN,Huang / Pan
Rowing,Men's Double Sculls,1,1,1,CRO,Sinkovic / Sinkovic,LTU,Griskonis / Ritter,NOR,Tufte / Borch
Rowing,Men's Eight,1,1,1,GBR,Great Britain,GER,Germany,NED,Netherlands
Rowing,Men's Four,1,1,1,GBR,Great Britain,AUS,Australia,ITA,Italy
Rowing,Men's Pair,1,1,1,NZL,Bond / Murray,RSA,Keeling / Brittain,ITA,DI COSTANZO / Abagnale
Rowing,Men's Quadruple Sculls,1,1,1,GER,Germany,AUS,Australia,EST,Estonia
Rowing,Men's Single Sculls,1,1,1,NZL,DRYSDALE Mahe ,CRO,MARTIN Damir ,CZE,SYNEK Ondrej 
Rowing,Women's Double Sculls,1,1,1,POL,Fularczyk-Kozlowska / Madaj,GBR,Grainger / Thornley,LTU,Vistartaite / Valciukaite
Rowing,Women's Eight,1,1,1,USA,United States,GBR,Great Britain,ROU,Romania
Rowing,Women's Pair,1,1,1,GBR,Glover / Stanning,NZL,Behrent / Scown,DEN,Andersen / Rasmussen
Rowing,Women's Quadruple Sculls,1,1,1,GER,Germany,NED,Netherlands,POL,Poland
Rowing,Women's Single Sculls,1,1,1,AUS,BRENNAN Kimberley ,USA,STONE Genevra ,CHN,DUAN Jingli 
Rugby Sevens,Men,1,1,1,FIJ,Fiji,GBR,Great Britain,RSA,South Africa
Rugby Sevens,Women,1,1,1,AUS,Australia,NZL,New Zealand,CAN,Canada
Sailing,470 Men,1,1,1,CRO,Fantela / Marenic,AUS,Belcher / Ryan,GRE,Mantis / Kagialis
Sailing,470 Women,1,1,1,GBR,Clark / Mills,NZL,Aleh / Powrie,FRA,Defrance / Lecointre
Sailing,49er FX Women,1,1,1,BRA,Kunze / Grael,NZL,Maloney / Meech,DEN,Salskov-Iversen / Hansen
Sailing,49er Men,1,1,1,NZL,Burling / Tuke,AUS,Outteridge / Jensen,GER,Heil / Ploessel
Sailing,Finn Men,1,1,1,GBR,SCOTT Giles ,SLO,ZBOGAR Vasilij ,USA,PAINE Caleb 
Sailing,Laser Men,1,1,1,AUS,BURTON Tom ,CRO,STIPANOVIC Tonci ,NZL,MEECH Sam 
Sailing,Laser Radial Women,1,1,1,NED,BOUWMEESTER Marit ,IRL,MURPHY Annalise ,DEN,RINDOM Anne-Marie 
Sailing,Nacra 17 Mixed,1,1,1,ARG,Lange / Carranza Saroli,AUS,Darmanin / Waterhouse,AUT,Frank / Zajac
Sailing,RS:X Men,1,1,1,NED,VAN RIJSSELBERGHE Dorian ,GBR,DEMPSEY Nick ,FRA,LE COQ Pierre 
Sailing,RS:X Women,1,1,1,FRA,PICON Charline ,CHN,CHEN Peina ,RUS,ELFUTINA Stefaniya 
Shooting,10m Air Pistol Men,1,1,1,VIE,HOANG Xuan Vinh ,BRA,WU Felipe Almeida ,CHN,PANG Wei 
Shooting,10m Air Pistol Women,1,1,1,CHN,ZHANG Mengxue ,RUS,BATSARASHKINA Vitalina ,GRE,KORAKAKI Anna 
Shooting,10m Air Rifle Men,1,1,1,ITA,CAMPRIANI Niccolo ,UKR,KULISH Serhiy ,RUS,MASLENNIKOV Vladimir 
Shooting,10m Air Rifle Women,1,1,1,USA,THRASHER Virginia ,CHN,DU Li ,CHN,YI Siling 
Shooting,25m Pistol Women,1,1,1,GRE,KORAKAKI Anna ,GER,KARSCH Monika ,SUI,DIETHELM GERBER Heidi 
Shooting,25m Rapid Fire Pistol Men,1,1,1,GER,REITZ Christian ,FRA,QUIQUAMPOIX Jean ,CHN,LI Yuehong 
Shooting,50m Pistol Men,1,1,1,KOR,JIN Jongoh ,VIE,HOANG Xuan Vinh ,PRK,KIM Song Guk 
Shooting,50m Rifle 3 Positions Men,1,1,1,ITA,CAMPRIANI Niccolo ,RUS,KAMENSKIY Sergey ,FRA,RAYNAUD Alexis 
Shooting,50m Rifle 3 Positions Women,1,1,1,GER,ENGLEDER Barbara ,CHN,ZHANG Binbin ,CHN,DU Li 
Shooting,50m Rifle Prone Men,1,1,1,GER,JUNGHAENEL Henri ,KOR,KIM Jonghyun ,RUS,GRIGORYAN Kirill 
Shooting,Double Trap Men,1,1,1,IOA,ALDEEHANI Fehaid ,ITA,INNOCENTI Marco ,GBR,SCOTT Steven 
Shooting,Skeet Men,1,1,1,ITA,ROSSETTI Gabriele ,SWE,SVENSSON Marcus ,IOA,ALRASHIDI Abdullah 
Shooting,Skeet Women,1,1,1,ITA,BACOSI Diana ,ITA,CAINERO Chiara ,USA,RHODE Kimberly 
Shooting,Trap Men,1,1,1,CRO,GLASNOVIC Josip ,ITA,PELLIELO Giovanni ,GBR,LING Edward 
Shooting,Trap Women,1,1,1,AUS,SKINNER Catherine ,NZL,ROONEY Natalie ,USA,COGDELL Corey 
Swimming,Men's 100m Backstroke,1,1,1,USA,MURPHY Ryan ,CHN,XU Jiayu ,USA,PLUMMER David 
Swimming,Men's 100m Breaststroke,1,1,1,GBR,PEATY Adam ,RSA,VAN DER BURGH Cameron ,USA,MILLER Cody 
Swimming,Men's 100m Butterfly,1,3,0,SIN,SCHOOLING Joseph ,HUNUSARSA,CSEH Laszlo PHELPS Michael LE CLOS Chad Guy Bertrand ,,
Swimming,Men's 100m Freestyle,1,1,1,AUS,CHALMERS Kyle ,BEL,TIMMERS Pieter ,USA,ADRIAN Nathan 
Swimming,Men's 1500m Freestyle,1,1,1,ITA,PALTRINIERI Gregorio ,USA,JAEGER Connor ,ITA,DETTI Gabriele 
Swimming,Men's 200m Backstroke,1,1,1,USA,MURPHY Ryan ,AUS,LARKIN Mitchell ,RUS,RYLOV Evgeny 
Swimming,Men's 200m Breaststroke,1,1,1,KAZ,BALANDIN Dmitriy ,USA,PRENOT Josh ,RUS,CHUPKOV Anton 
Swimming,Men's 200m Butterfly,1,1,1,USA,PHELPS Michael ,JPN,SAKAI Masato ,HUN,KENDERESI Tamas 
Swimming,Men's 200m Freestyle,1,1,1,CHN,SUN Yang ,RSA,LE CLOS Chad Guy Bertrand ,USA,DWYER Conor 
Swimming,Men's 200m Individual Medley,1,1,1,USA,PHELPS Michael ,JPN,HAGINO Kosuke ,CHN,WANG Shun 
Swimming,Men's 4 x 100m Freestyle Relay,1,1,1,USA,United States,FRA,France,AUS,Australia
Swimming,Men's 4 x 100m Medley Relay,1,1,1,USA,United States,GBR,Great Britain,AUS,Australia
Swimming,Men's 4 x 200m Freestyle Relay,1,1,1,USA,United States,GBR,Great Britain,JPN,Japan
Swimming,Men's 400m Freestyle,1,1,1,AUS,HORTON Mack ,CHN,SUN Yang ,ITA,DETTI Gabriele 
Swimming,Men's 400m Individual Medley,1,1,1,JPN,HAGINO Kosuke ,USA,KALISZ Chase ,JPN,SETO Daiya 
Swimming,Men's 50m Freestyle,1,1,1,USA,ERVIN Anthony ,FRA,MANAUDOU Florent ,USA,ADRIAN Nathan 
Swimming,Women's 100m Backstroke,1,1,2,HUN,HOSSZU Katinka ,USA,BAKER Kathleen ,CANCHN,MASSE Kylie FU Yuanhui 
Swimming,Women's 100m Breaststroke,1,1,1,USA,KING Lilly ,RUS,EFIMOVA Yulia ,USA,MEILI Catherine 
Swimming,Women's 100m Butterfly,1,1,1,SWE,SJOSTROM Sarah ,CAN,OLEKSIAK Penny ,USA,VOLLMER Dana 
Swimming,Women's 100m Freestyle,2,0,1,CANUSA,OLEKSIAK Penny MANUEL Simone ,,,SWE,SJOSTROM Sarah 
Swimming,Women's 200m Backstroke,1,1,1,USA,DIRADO Madeline ,HUN,HOSSZU Katinka ,CAN,CALDWELL Hilary 
Swimming,Women's 200m Breaststroke,1,1,1,JPN,KANETO Rie ,RUS,EFIMOVA Yulia ,CHN,SHI Jinglin 
Swimming,Women's 200m Butterfly,1,1,1,ESP,BELMONTE GARCIA Mireia ,AUS,GROVES Madeline ,JPN,HOSHI Natsumi 
Swimming,Women's 200m Freestyle,1,1,1,USA,LEDECKY Katie ,SWE,SJOSTROM Sarah ,AUS,MCKEON Emma 
Swimming,Women's 200m Individual Medley,1,1,1,HUN,HOSSZU Katinka ,GBR,O'CONNOR Siobhan-Marie ,USA,DIRADO Madeline 
Swimming,Women's 4 x 100m Freestyle Relay,1,1,1,AUS,Australia,USA,United States,CAN,Canada
Swimming,Women's 4 x 100m Medley Relay,1,1,1,USA,United States,AUS,Australia,DEN,Denmark
Swimming,Women's 4 x 200m Freestyle Relay,1,1,1,USA,United States,AUS,Australia,CAN,Canada
Swimming,Women's 400m Freestyle,1,1,1,USA,LEDECKY Katie ,GBR,CARLIN Jazz ,USA,SMITH Leah 
Swimming,Women's 400m Individual Medley,1,1,1,HUN,HOSSZU Katinka ,USA,DIRADO Madeline ,ESP,BELMONTE GARCIA Mireia 
Swimming,Women's 50m Freestyle,1,1,1,DEN,BLUME Pernille ,USA,MANUEL Simone ,BLR,HERASIMENIA Aliaksandra 
Swimming,Women's 800m Freestyle,1,1,1,USA,LEDECKY Katie ,GBR,CARLIN Jazz ,HUN,KAPAS Boglarka 
Synchronised Swimming,Duets,1,1,1,RUS,Ishchenko / Romashina,CHN,Huang / Sun,JPN,Inui / Mitsui
Synchronised Swimming,Teams,1,1,1,RUS,Russian Federation,CHN,China,JPN,Japan
Table Tennis,Men's Singles,1,1,1,CHN,MA Long ,CHN,ZHANG Jike ,JPN,MIZUTANI Jun 
Table Tennis,Men's Team,1,1,1,CHN,China,JPN,Japan,GER,Germany
Table Tennis,Women's Singles,1,1,1,CHN,DING Ning ,CHN,LI Xiaoxia ,PRK,KIM Song I 
Table Tennis,Women's Team,1,1,1,CHN,China,GER,Germany,JPN,Japan
Taekwondo,Men -58kg,1,1,2,CHN,ZHAO Shuai ,THA,HANPRAB Tawin ,KORDOM,KIM Taehun PIE Luisito 
Taekwondo,Men -68kg,1,1,2,JOR,ABUGHAUSH Ahmad ,RUS,DENISENKO Alexey ,ESPKOR,GONZALEZ BONILLA Joel LEE Daehoon 
Taekwondo,Men -80kg,1,1,2,CIV,CISSE Cheick Sallah Junior ,GBR,MUHAMMAD Lutalo ,TUNAZE,OUESLATI Oussama BEIGI HARCHEGANI Milad 
Taekwondo,Men +80kg,1,1,2,AZE,ISAEV Radik ,NIG,ISSOUFOU ALFAGA Abdoulrazak ,KORBRA,CHA Dongmin SIQUEIRA Maicon 
Taekwondo,Women -49kg,1,1,2,KOR,KIM Sohui ,SRB,BOGDANOVIC Tijana ,AZETHA,ABAKAROVA Patimat WONGPATTANAKIT Panipak 
Taekwondo,Women -57kg,1,1,2,GBR,JONES Jade ,ESP,CALVO GOMEZ Eva ,EGYIRI,WAHBA Hedaya ALIZADEH ZENOORIN Kimia 
Taekwondo,Women -67kg,1,1,2,KOR,OH Hyeri ,FRA,NIARE Haby ,TURCIV,TATAR Nur GBAGBI Ruth Marie Christelle
Taekwondo,Women +67kg,1,1,2,CHN,ZHENG Shuyin ,MEX,ESPINOZA ESPINOZA Maria del Rosario ,USAGBR,GALLOWAY Jackie WALKDEN Bianca 
Tennis,Men's Doubles,1,1,1,ESP,Lopez / Nadal,ROU,Mergea / Tecau,USA,Sock / Johnson
Tennis,Men's Singles,1,1,1,GBR,MURRAY Andy ,ARG,DEL POTRO Juan Martin ,JPN,NISHIKORI Kei 
Tennis,Mixed Doubles,1,1,1,USA,Sock / Mattek-Sands,USA,Williams / Ram,CZE,Hradecka / Stepanek
Tennis,Women's Doubles,1,1,1,RUS,Makarova / Vesnina,SUI,Bacsinszky / Hingis,CZE,Safarova / Strycova
Tennis,Women's Singles,1,1,1,PUR,PUIG Monica ,GER,KERBER Angelique ,CZE,KVITOVA Petra 
Trampoline Gymnastics,Men,1,1,1,BLR,HANCHAROU Uladzislau ,CHN,DONG Dong ,CHN,GAO Lei 
Trampoline Gymnastics,Women,1,1,1,CAN,MACLENNAN Rosannagh ,GBR,PAGE Bryony ,CHN,LI Dan 
Triathlon,Men,1,1,1,GBR,BROWNLEE Alistair ,GBR,BROWNLEE Jonathan ,RSA,SCHOEMAN Henri 
Triathlon,Women,1,1,1,USA,JORGENSEN Gwen ,SUI,SPIRIG HUG Nicola ,GBR,HOLLAND Vicky 
Volleyball,Men,1,1,1,BRA,Brazil,ITA,Italy,USA,United States
Volleyball,Women,1,1,1,CHN,China,SRB,Serbia,USA,United States
Water Polo,Men,1,1,1,SRB,Serbia,CRO,Croatia,ITA,Italy
Water Polo,Women,1,1,1,USA,United States,ITA,Italy,RUS,Russian Federation
Weightlifting,Men's +105kg,1,1,1,GEO,TALAKHADZE Lasha ,ARM,MINASYAN Gor ,GEO,TURMANIDZE Irakli 
Weightlifting,Men's 105kg,1,1,1,UZB,NURUDINOV Ruslan ,ARM,MARTIROSYAN Simon ,KAZ,ZAICHIKOV Alexandr 
Weightlifting,Men's 56kg,1,1,1,CHN,LONG Qingquan ,PRK,OM Yun Chol ,THA,KRUAITHONG Sinphet 
Weightlifting,Men's 62kg,1,1,1,COL,FIGUEROA MOSQUERA Oscar Albeiro ,INA,IRAWAN Eko Yuli ,KAZ,KHARKI Farkhad 
Weightlifting,Men's 69kg,1,1,1,CHN,SHI Zhiyong ,TUR,ISMAYILOV Daniyar ,COL,MOSQUERA LOZANO Luis Javier 
Weightlifting,Men's 77kg,1,1,1,KAZ,RAHIMOV Nijat ,CHN,LYU Xiaojun ,EGY,MAHMOUD Mohamed 
Weightlifting,Men's 85kg,1,1,1,IRI,ROSTAMI Kianoush ,CHN,TIAN Tao ,ROU,SINCRAIAN Gabriel 
Weightlifting,Men's 94kg,1,1,1,IRI,MORADI Sohrab ,BLR,STRALTSOU Vadzim ,LTU,DIDZBALIS Aurimas 
Weightlifting,Women's +75kg,1,1,1,CHN,MENG Suping ,PRK,KIM Kuk Hyang ,USA,ROBLES Sarah Elizabeth 
Weightlifting,Women's 48kg,1,1,1,THA,TANASAN Sopita ,INA,AGUSTIANI Sri Wahyuni ,JPN,MIYAKE Hiromi 
Weightlifting,Women's 53kg,1,1,1,TPE,HSU Shu-Ching ,PHI,DIAZ Hidilyn ,KOR,YOON Jin Hee 
Weightlifting,Women's 58kg,1,1,1,THA,SRISURAT Sukanya ,THA,SIRIKAEW Pimsiri ,TPE,KUO Hsing-Chun 
Weightlifting,Women's 63kg,1,1,1,CHN,DENG Wei ,PRK,CHOE Hyo Sim ,KAZ,GORICHEVA Karina 
Weightlifting,Women's 69kg,1,1,1,CHN,XIANG Yanmei ,KAZ,ZHAPPARKUL Zhazira ,EGY,AHMED Sara 
Weightlifting,Women's 75kg,1,1,1,PRK,RIM Jong Sim ,BLR,NAUMAVA Darya ,ESP,VALENTIN PEREZ Lidia 
Wrestling,Men's Freestyle 125 kg,1,1,2,TUR,AKGUL Taha ,IRI,GHASEMI Komeil Nemat ,GEOBLR,PETRIASHVILI Geno SAIDAU Ibrahim 
Wrestling,Men's Freestyle 57 kg,1,1,2,GEO,KHINCHEGASHVILI Vladimer ,JPN,HIGUCHI Rei ,AZEIRI,ALIYEV Haji RAHIMI Hassan Sabzali 
Wrestling,Men's Freestyle 65 kg,1,1,2,RUS,RAMONOV Soslan ,AZE,ASGAROV Toghrul ,UZBITA,NAVRUZOV Ikhtiyor CHAMIZO MARQUEZ Frank 
Wrestling,Men's Freestyle 74 kg,1,1,2,IRI,YAZDANICHARATI Hassan Aliazam ,RUS,GEDUEV Aniuar ,AZETUR,HASANOV Jabrayil DEMIRTAS Soner 
Wrestling,Men's Freestyle 86 kg,1,1,2,RUS,SADULAEV Abdulrashid ,TUR,YASAR Selim ,AZEUSA,SHARIFOV Sharif COX J'den Michael Tbory 
Wrestling,Men's Freestyle 97 kg,1,1,2,USA,SNYDER Kyle Frederick ,AZE,GOZIUMOV Khetag ,UZBROU,IBRAGIMOV Magomed Idrisovitch SARITOV Albert 
Wrestling,Men's Greco-Roman 130 kg,1,1,2,CUB,LOPEZ NUNEZ Mijain ,TUR,KAYAALP Riza ,AZERUS,SHARIATI Sabah SEMENOV Sergey 
Wrestling,Men's Greco-Roman 59 kg,1,1,2,CUB,BORRERO MOLINA Ismael ,JPN,OTA Shinobu ,UZBNOR,TASMURADOV Elmurat BERGE Stig-Andre 
Wrestling,Men's Greco-Roman 66 kg,1,1,2,SRB,STEFANEK Davor ,ARM,ARUTYUNYAN Migran ,GEOAZE,BOLKVADZE Shmagi CHUNAYEV Rasul 
Wrestling,Men's Greco-Roman 75 kg,1,1,2,RUS,VLASOV Roman ,DEN,MADSEN Mark Overgaard ,IRIKOR,ABDVALI Saeid Morad KIM Hyeonwoo 
Wrestling,Men's Greco-Roman 85 kg,1,1,2,RUS,CHAKVETADZE Davit ,UKR,BELENIUK Zhan ,GERBLR,KUDLA Denis Maksymilian HAMZATAU Javid 
Wrestling,Men's Greco-Roman 98 kg,1,1,2,ARM,ALEKSANYAN Artur ,CUB,LUGO CABRERA Yasmany Daniel ,IRITUR,REZAEI Ghasem Gholamreza ILDEM Cenk 
Wrestling,Women's Freestyle 48 kg,1,1,2,JPN,TOSAKA Eri ,AZE,STADNIK Mariya ,CHNBUL,SUN Yanan YANKOVA Elitsa Atanasova 
Wrestling,Women's Freestyle 53 kg,1,1,2,USA,MAROULIS Helen Louise ,JPN,YOSHIDA Saori ,SWEAZE,MATTSSON Sofia Magdalena SINISHIN Natalya 
Wrestling,Women's Freestyle 58 kg,1,1,2,JPN,ICHO Kaori ,RUS,KOBLOVA ZHOLOBOVA Valeriia ,INDTUN,MALIK Sakshi AMRI Marwa 
Wrestling,Women's Freestyle 63 kg,1,1,2,JPN,KAWAI Risako ,BLR,MAMASHUK Maryia ,POLKAZ,MICHALIK Monika Ewa LARIONOVA Yekaterina 
Wrestling,Women's Freestyle 69 kg,1,1,2,JPN,DOSHO Sara ,RUS,VOROBEVA Natalia ,KAZSWE,SYZDYKOVA Elmira FRANSSON Anna Jenny 
Wrestling,Women's Freestyle 75 kg,1,1,2,CAN,WIEBE Erica Elizabeth ,KAZ,MANYUROVA Guzel ,RUSCHN,BUKINA Ekaterina ZHANG Fengliu 
